,engagement,sentiment,topic,hour,is_media
const,155.86653657874442,0.024715041877000837,0.8361235177598304,4.596581387072545,-0.04719368688841157
L1.engagement,0.5671611968356111,-0.00004490819692132275,0.00010982819477090705,-0.00010067973089635321,-0.000015451698208940193
L1.sentiment,33.585104065524334,1.123816652442625,-1.2288114983578533,1.7293552527212233,-0.03247485468265952
L1.topic,34.68956136569699,0.24938808688183345,-0.3525452874499404,-2.515972126914286,-0.04351774007609994
L1.hour,-4.826310431045065,-0.013807595641673154,0.02849037911016729,0.36200994239945933,0.008862942554363862
L1.is_media,-93.36984301716458,-0.16897548839095466,1.208633231453739,4.767214829560737,0.7529344018279437
